{"torps": {"e": -117.81642954125758, "d": 2.4509299939260325, "n": -422.33176557992795}, "buoys": {"e": -152.08128424118163, "d": 1.025855737305198, "n": -431.5047836592867}, "launch": {"e": -174.96472135720015, "d": 0.02184035842217379, "n": -425.59020252323893}, "red": {"e": -145.63371752193137, "d": 1.6547890914133396, "n": -429.1837926915997}, "gate": {"e": -161.95549744184027, "d": 2.0387819586152025, "n": -427.6145174053965}, "bins": {"e": -120.74754784873157, "d": 1.096186992016336, "n": -425.1863777547606}}