{"start": {"e": 603.893049436696, "d": -0.022298169083416218, "n": 677.5904931808305}}