{"wire2": {"e": -50.71405687680487, "d": 1.0039419435201435, "n": 1.0220467088157965}, "wire": {"e": -35.67539118166156, "d": 0.14178888433587092, "n": 9.993334199860564}, "buoy-pipe": {"e": -29.55795757709145, "d": 0.16022857240779048, "n": 7.883193177966478}, "yellow-buoy": {"e": -24.348921378172637, "d": 2.0207062465964807, "n": 7.345674223746693}, "torped-depth": {"e": -43.08910152288532, "d": 3.23857946473363, "n": 25.659988369841592}, "pipe": {"e": -19.82867730644501, "d": 0.3428309922122074, "n": 8.902513385854938}, "dock": {"e": -5.747725157155171, "d": 0.004572610612129192, "n": 2.623619968313086}, "bins pipe": {"e": -59.45832145934246, "d": 1.0742276903052845, "n": 23.231210696765068}, "green": {"e": -27.18884636614642, "d": 0.09703343996860875, "n": 5.810411004482887}, "wire-pipe": {"e": -36.50647662263835, "d": 0.15890029434404906, "n": 12.846315799003955}, "bins3": {"e": -60.07786871879549, "d": 2.7540327334214427, "n": 21.84435452364814}, "gate": {"e": -17.68790925782124, "d": 0.31582069631333054, "n": 7.915841704170205}, "bins4": {"e": -60.77316603822463, "d": 2.770355109199322, "n": 21.763582662414258}, "bins": {"e": -58.8372060360908, "d": 2.6845833771753784, "n": 22.620338245139457}, "torp": {"e": -53.89156131953326, "d": 2.922180273968149, "n": 26.23363159149662}}